pipeline_id,source_group,sweep_id,msg_len_bytes,network_delay_ms,packet_loss_pct,cpu_stress_level,N_RAW,P_NOISE,QBER_MAX,SAMPLE_FRAC,LINDBLAD_STEPS,LINDBLAD_TAU,LINDBLAD_GAMMA,success_rate,effective_total_ms_p50,effective_total_ms_p95,wall_clock_total_ms_p50,wall_clock_total_ms_p95,throughput_bytes_per_sec_p50,throughput_bits_per_sec_p50,qber_p50
A0_MINIMAL_PQC,ablation_variant,focused,128,0.0,0.0,0,1024,0.0,0.08,0.1,0,0.01,0.15,1.0,1476.089425,1511.7339628,1476.089425,1511.7339628,86.7156134527554,693.7249076220432,
A0_MINIMAL_PQC,ablation_variant,focused,1024,0.0,0.0,0,1024,0.0,0.08,0.1,0,0.01,0.15,1.0,1512.188958,1525.4044572,1512.188958,1525.4044572,677.1640505524707,5417.312404419766,
A1_PQC_AUTH,ablation_variant,focused,128,0.0,0.0,0,1024,0.0,0.08,0.1,0,0.01,0.15,1.0,1562.653114,1594.6170217,1562.653114,1594.6170217,81.91197320328637,655.2957856262909,
A1_PQC_AUTH,ablation_variant,focused,1024,0.0,0.0,0,1024,0.0,0.08,0.1,0,0.01,0.15,1.0,1539.771793,1603.2865138,1539.771793,1603.2865138,665.033613847997,5320.268910783976,
A2_PQC_LINDBLAD,ablation_variant,focused,128,0.0,0.0,0,1024,0.0,0.08,0.1,0,0.01,0.15,1.0,1699.700984,1737.6609329,1699.700984,1737.6609329,75.3073635921364,602.4589087370912,
A2_PQC_LINDBLAD,ablation_variant,focused,1024,0.0,0.0,0,1024,0.0,0.08,0.1,0,0.005,0.15,1.0,1508.860175,1520.8342511,1508.860175,1520.8342511,678.6579810153714,5429.2638481229715,
A2_PQC_LINDBLAD,ablation_variant,focused,1024,0.0,0.0,0,1024,0.0,0.08,0.1,0,0.01,0.15,1.0,1551.684272,1685.0890472,1551.684272,1685.0890472,659.92806557235,5279.4245245788,
A2_PQC_LINDBLAD,ablation_variant,focused,1024,0.0,0.0,0,1024,0.0,0.08,0.1,4,0.005,0.15,1.0,1605.054772,1773.8655049,1605.054772,1773.8655049,637.9844587633798,5103.875670107039,
A2_PQC_LINDBLAD,ablation_variant,focused,1024,0.0,0.0,0,1024,0.0,0.08,0.1,4,0.01,0.15,1.0,1516.175254,1621.3135105,1516.175254,1621.3135105,675.3836651128986,5403.069320903189,
A2_PQC_LINDBLAD,ablation_variant,focused,1024,0.0,0.0,0,1024,0.0,0.08,0.1,8,0.005,0.15,1.0,1735.291265,1750.5517622,1735.291265,1750.5517622,590.102664984025,4720.8213198722,
A2_PQC_LINDBLAD,ablation_variant,focused,1024,0.0,0.0,0,1024,0.0,0.08,0.1,8,0.01,0.15,1.0,1528.275781,1621.673335,1528.275781,1621.673335,670.0361366257887,5360.2890930063095,
A3_HYBRID_QKD,ablation_variant,focused,128,0.0,0.0,0,1024,0.0,0.08,0.1,0,0.01,0.15,1.0,1535.29004,1616.7145205,1535.29004,1616.7145205,83.37186894015153,666.9749515212122,0.0
A3_HYBRID_QKD,ablation_variant,focused,1024,0.0,0.0,0,1024,0.0,0.06,0.1,0,0.01,0.15,1.0,1528.013081,1656.5219732,1528.013081,1656.5219732,670.1513309885074,5361.210647908059,0.0
A3_HYBRID_QKD,ablation_variant,focused,1024,0.0,0.0,0,1024,0.0,0.08,0.1,0,0.01,0.15,1.0,1620.393107,1624.2120482,1620.393107,1624.2120482,631.9454184150636,5055.563347320509,0.0
A3_HYBRID_QKD,ablation_variant,focused,1024,0.0,0.0,0,1024,0.02,0.06,0.1,0,0.01,0.15,1.0,1583.035064,1721.8731122,1583.035064,1721.8731122,646.8586977552886,5174.869582042309,0.04
A3_HYBRID_QKD,ablation_variant,focused,1024,0.0,0.0,0,1024,0.02,0.08,0.1,0,0.01,0.15,1.0,1528.620165,1560.7788309,1528.620165,1560.7788309,669.8851836747816,5359.081469398253,0.0
A3_HYBRID_QKD,ablation_variant,focused,1024,0.0,0.0,0,1024,0.04,0.06,0.1,0,0.01,0.15,0.3333333333333333,1443.969375,1486.8077991,1443.969375,1486.8077991,0.0,0.0,0.061224489795918366
A3_HYBRID_QKD,ablation_variant,focused,1024,0.0,0.0,0,1024,0.04,0.08,0.1,0,0.01,0.15,1.0,1508.713126,1544.7900571,1508.713126,1544.7900571,678.7241274389231,5429.793019511385,0.019230769230769232
A3_HYBRID_QKD,ablation_variant,focused,1024,0.0,0.0,0,4096,0.0,0.06,0.1,0,0.01,0.15,1.0,1620.586851,1631.879493,1620.586851,1631.879493,631.8698682320729,5054.958945856583,0.0
A3_HYBRID_QKD,ablation_variant,focused,1024,0.0,0.0,0,4096,0.0,0.08,0.1,0,0.01,0.15,1.0,1506.895583,1627.3923575,1506.895583,1627.3923575,679.5427709472555,5436.342167578044,0.0
A3_HYBRID_QKD,ablation_variant,focused,1024,0.0,0.0,0,4096,0.02,0.06,0.1,0,0.01,0.15,1.0,1490.164399,1638.1090846,1490.164399,1638.1090846,687.1725030387067,5497.380024309654,0.019801980198019802
A3_HYBRID_QKD,ablation_variant,focused,1024,0.0,0.0,0,4096,0.02,0.08,0.1,0,0.01,0.15,1.0,1700.507565,1720.9682514,1700.507565,1720.9682514,602.173151755429,4817.385214043432,0.019704433497536946
A3_HYBRID_QKD,ablation_variant,focused,1024,0.0,0.0,0,4096,0.04,0.06,0.1,0,0.01,0.15,1.0,1543.281474,1647.6977208,1543.281474,1647.6977208,663.5212158323362,5308.16972665869,0.028708133971291867
A3_HYBRID_QKD,ablation_variant,focused,1024,0.0,0.0,0,4096,0.04,0.08,0.1,0,0.01,0.15,1.0,1535.010489,1661.3222561999999,1535.010489,1661.3222561999999,667.0964187789339,5336.771350231471,0.028985507246376812
A4_HYBRID_QKD_AUTH,ablation_variant,focused,128,0.0,0.0,0,1024,0.0,0.08,0.1,0,0.01,0.15,1.0,1598.756054,1687.0268777000001,1598.756054,1687.0268777000001,80.06224569392623,640.4979655514098,0.0
A4_HYBRID_QKD_AUTH,ablation_variant,focused,1024,0.0,0.0,0,1024,0.0,0.06,0.1,0,0.01,0.15,1.0,1490.353477,1628.5755796,1490.353477,1628.5755796,687.0853229136326,5496.682583309061,0.0
A4_HYBRID_QKD_AUTH,ablation_variant,focused,1024,0.0,0.0,0,1024,0.0,0.08,0.1,0,0.01,0.15,1.0,1543.778545,1646.7144682,1543.778545,1646.7144682,663.3075730431271,5306.460584345017,0.0
A4_HYBRID_QKD_AUTH,ablation_variant,focused,1024,0.0,0.0,0,1024,0.02,0.06,0.1,0,0.01,0.15,1.0,1504.632995,1525.6983842,1504.632995,1525.6983842,680.5646316429476,5444.517053143581,0.019230769230769232
A4_HYBRID_QKD_AUTH,ablation_variant,focused,1024,0.0,0.0,0,1024,0.02,0.08,0.1,0,0.01,0.15,1.0,1538.644744,1632.5390332,1538.644744,1632.5390332,665.5207473935257,5324.165979148205,0.018518518518518517
A4_HYBRID_QKD_AUTH,ablation_variant,focused,1024,0.0,0.0,0,1024,0.04,0.06,0.1,0,0.01,0.15,0.6666666666666666,1593.221793,1685.7248352,1593.221793,1685.7248352,603.7725343556905,4830.180274845524,0.02
A4_HYBRID_QKD_AUTH,ablation_variant,focused,1024,0.0,0.0,0,1024,0.04,0.08,0.1,0,0.01,0.15,1.0,1507.174769,1518.5370962,1507.174769,1518.5370962,679.4168938214226,5435.335150571381,0.0196078431372549
A4_HYBRID_QKD_AUTH,ablation_variant,focused,1024,0.0,0.0,0,4096,0.0,0.06,0.1,0,0.01,0.15,1.0,1603.640479,1648.2273763,1603.640479,1648.2273763,638.5471141502658,5108.376913202126,0.0
A4_HYBRID_QKD_AUTH,ablation_variant,focused,1024,0.0,0.0,0,4096,0.0,0.08,0.1,0,0.01,0.15,1.0,1505.772795,1529.058117,1505.772795,1529.058117,680.0494758573454,5440.3958068587635,0.0
A4_HYBRID_QKD_AUTH,ablation_variant,focused,1024,0.0,0.0,0,4096,0.02,0.06,0.1,0,0.01,0.15,1.0,1544.423323,1548.8042484999999,1544.423323,1548.8042484999999,663.0306501788046,5304.245201430437,0.014634146341463415
A4_HYBRID_QKD_AUTH,ablation_variant,focused,1024,0.0,0.0,0,4096,0.02,0.08,0.1,0,0.01,0.15,1.0,1514.453735,1600.4913005,1514.453735,1600.4913005,676.1513913133833,5409.211130507067,0.01951219512195122
A4_HYBRID_QKD_AUTH,ablation_variant,focused,1024,0.0,0.0,0,4096,0.04,0.06,0.1,0,0.01,0.15,1.0,1556.365082,1744.3703633,1556.365082,1744.3703633,657.9433140996157,5263.5465127969255,0.0380952380952381
A4_HYBRID_QKD_AUTH,ablation_variant,focused,1024,0.0,0.0,0,4096,0.04,0.08,0.1,0,0.01,0.15,1.0,1619.109299,1637.3871209,1619.109299,1637.3871209,632.4464942746278,5059.571954197022,0.038461538461538464
A5_HYBRID_QKD_LINDBLAD,ablation_variant,focused,128,0.0,0.0,0,1024,0.0,0.08,0.1,0,0.01,0.15,1.0,1631.562014,1739.7379334,1631.562014,1739.7379334,78.45242712300606,627.6194169840485,0.0
A5_HYBRID_QKD_LINDBLAD,ablation_variant,focused,1024,0.0,0.0,0,1024,0.0,0.06,0.1,0,0.01,0.15,1.0,1535.899559,1598.6770376,1535.899559,1598.6770376,666.7102637015602,5333.682109612481,0.0
A5_HYBRID_QKD_LINDBLAD,ablation_variant,focused,1024,0.0,0.0,0,1024,0.0,0.08,0.1,0,0.005,0.15,1.0,1563.625197,1571.0948415,1563.625197,1571.0948415,654.8883977852654,5239.107182282123,0.0
A5_HYBRID_QKD_LINDBLAD,ablation_variant,focused,1024,0.0,0.0,0,1024,0.0,0.08,0.1,0,0.01,0.15,1.0,1543.04131,1587.0093538,1543.04131,1587.0093538,663.6244884461324,5308.995907569059,0.0
A5_HYBRID_QKD_LINDBLAD,ablation_variant,focused,1024,0.0,0.0,0,1024,0.0,0.08,0.1,4,0.005,0.15,1.0,1582.823815,1714.9804702000001,1582.823815,1714.9804702000001,646.9450296968143,5175.560237574515,0.0
A5_HYBRID_QKD_LINDBLAD,ablation_variant,focused,1024,0.0,0.0,0,1024,0.0,0.08,0.1,4,0.01,0.15,1.0,1692.840399,1820.3358687,1692.840399,1820.3358687,604.9004977698432,4839.203982158746,0.0
A5_HYBRID_QKD_LINDBLAD,ablation_variant,focused,1024,0.0,0.0,0,1024,0.0,0.08,0.1,8,0.005,0.15,1.0,1505.470564,1573.3652482,1505.470564,1573.3652482,680.1859993059287,5441.48799444743,0.0
A5_HYBRID_QKD_LINDBLAD,ablation_variant,focused,1024,0.0,0.0,0,1024,0.0,0.08,0.1,8,0.01,0.15,1.0,1529.661457,1563.6270817,1529.661457,1563.6270817,669.4291703003928,5355.433362403142,0.0
A5_HYBRID_QKD_LINDBLAD,ablation_variant,focused,1024,0.0,0.0,0,1024,0.02,0.06,0.1,0,0.01,0.15,1.0,1672.320798,1686.9403638,1672.320798,1686.9403638,612.3227081936942,4898.581665549554,0.0196078431372549
A5_HYBRID_QKD_LINDBLAD,ablation_variant,focused,1024,0.0,0.0,0,1024,0.02,0.08,0.1,0,0.01,0.15,1.0,1536.444028,1687.1649949,1536.444028,1687.1649949,666.4740018762336,5331.792015009869,0.038461538461538464
A5_HYBRID_QKD_LINDBLAD,ablation_variant,focused,1024,0.0,0.0,0,1024,0.04,0.06,0.1,0,0.01,0.15,1.0,1653.099783,1701.9059298,1653.099783,1701.9059298,619.4423413096534,4955.538730477228,0.019230769230769232
A5_HYBRID_QKD_LINDBLAD,ablation_variant,focused,1024,0.0,0.0,0,1024,0.04,0.08,0.1,0,0.01,0.15,1.0,1553.45951,1581.6828503,1553.45951,1581.6828503,659.1739233679801,5273.391386943841,0.0196078431372549
A5_HYBRID_QKD_LINDBLAD,ablation_variant,focused,1024,0.0,0.0,0,4096,0.0,0.06,0.1,0,0.01,0.15,1.0,1677.429645,1679.4655953,1677.429645,1679.4655953,610.4577935964641,4883.6623487717125,0.0
A5_HYBRID_QKD_LINDBLAD,ablation_variant,focused,1024,0.0,0.0,0,4096,0.0,0.08,0.1,0,0.01,0.15,1.0,1588.567345,1707.9524737,1588.567345,1707.9524737,644.6059735667045,5156.847788533636,0.0
A5_HYBRID_QKD_LINDBLAD,ablation_variant,focused,1024,0.0,0.0,0,4096,0.02,0.06,0.1,0,0.01,0.15,1.0,1568.821313,1654.5769571,1568.821313,1654.5769571,652.7193323513958,5221.754658811166,0.02926829268292683
A5_HYBRID_QKD_LINDBLAD,ablation_variant,focused,1024,0.0,0.0,0,4096,0.02,0.08,0.1,0,0.01,0.15,1.0,1512.639349,1555.1956753,1512.639349,1555.1956753,676.9624237773282,5415.699390218626,0.01932367149758454
A5_HYBRID_QKD_LINDBLAD,ablation_variant,focused,1024,0.0,0.0,0,4096,0.04,0.06,0.1,0,0.01,0.15,1.0,1657.938239,1822.7828141,1657.938239,1822.7828141,617.6345872917647,4941.076698334117,0.04326923076923077
A5_HYBRID_QKD_LINDBLAD,ablation_variant,focused,1024,0.0,0.0,0,4096,0.04,0.08,0.1,0,0.01,0.15,1.0,1703.008797,1724.4148487999998,1703.008797,1724.4148487999998,601.2887319219174,4810.309855375339,0.038461538461538464
A6_FULL_HARDENED,ablation_variant,focused,128,0.0,0.0,0,1024,0.0,0.08,0.1,0,0.01,0.15,1.0,1491.061021,1499.4593026,1491.061021,1499.4593026,85.84491056855279,686.7592845484223,0.0
A6_FULL_HARDENED,ablation_variant,focused,1024,0.0,0.0,0,1024,0.0,0.06,0.1,0,0.01,0.15,1.0,1504.633192,1559.1125896,1504.633192,1559.1125896,680.5645425373549,5444.516340298839,0.0
A6_FULL_HARDENED,ablation_variant,focused,1024,0.0,0.0,0,1024,0.0,0.08,0.1,0,0.005,0.15,1.0,1524.312368,1634.0158349,1524.312368,1634.0158349,671.7783188648904,5374.226550919123,0.0
A6_FULL_HARDENED,ablation_variant,focused,1024,0.0,0.0,0,1024,0.0,0.08,0.1,0,0.01,0.15,1.0,1656.187096,1662.9661354,1656.187096,1662.9661354,618.2876333677219,4946.301066941775,0.0
A6_FULL_HARDENED,ablation_variant,focused,1024,0.0,0.0,0,1024,0.0,0.08,0.1,4,0.005,0.15,1.0,1551.642713,1586.9497148,1551.642713,1586.9497148,659.9457410012662,5279.56592801013,0.0
A6_FULL_HARDENED,ablation_variant,focused,1024,0.0,0.0,0,1024,0.0,0.08,0.1,4,0.01,0.15,1.0,1549.663213,1707.5123932,1549.663213,1707.5123932,660.7887387464233,5286.309909971386,0.0
A6_FULL_HARDENED,ablation_variant,focused,1024,0.0,0.0,0,1024,0.0,0.08,0.1,8,0.005,0.15,1.0,1547.320829,1690.3141061000001,1547.320829,1690.3141061000001,661.7890619761056,5294.312495808845,0.0
A6_FULL_HARDENED,ablation_variant,focused,1024,0.0,0.0,0,1024,0.0,0.08,0.1,8,0.01,0.15,1.0,1535.831941,1611.5267334999999,1535.831941,1611.5267334999999,666.7396169227086,5333.916935381669,0.0
A6_FULL_HARDENED,ablation_variant,focused,1024,0.0,0.0,0,1024,0.02,0.06,0.1,0,0.01,0.15,1.0,1537.852347,1554.8089283999998,1537.852347,1554.8089283999998,665.8636649985227,5326.909319988182,0.0196078431372549
A6_FULL_HARDENED,ablation_variant,focused,1024,0.0,0.0,0,1024,0.02,0.08,0.1,0,0.01,0.15,1.0,1582.084642,1680.8112634,1582.084642,1680.8112634,647.2472918424297,5177.978334739438,0.0
A6_FULL_HARDENED,ablation_variant,focused,1024,0.0,0.0,0,1024,0.04,0.06,0.1,0,0.01,0.15,1.0,1643.36374,1743.0888196,1643.36374,1743.0888196,623.1122027798909,4984.8976222391275,0.0392156862745098
A6_FULL_HARDENED,ablation_variant,focused,1024,0.0,0.0,0,1024,0.04,0.08,0.1,0,0.01,0.15,1.0,1568.595606,1570.5088395,1568.595606,1570.5088395,652.813252876089,5222.506023008712,0.038461538461538464
A6_FULL_HARDENED,ablation_variant,focused,1024,0.0,0.0,0,4096,0.0,0.06,0.1,0,0.01,0.15,1.0,1654.247659,1745.4554374,1654.247659,1745.4554374,619.0125126844747,4952.100101475798,0.0
A6_FULL_HARDENED,ablation_variant,focused,1024,0.0,0.0,0,4096,0.0,0.08,0.1,0,0.01,0.15,1.0,1553.497189,1613.7090457,1553.497189,1613.7090457,659.1579355603199,5273.263484482559,0.0
A6_FULL_HARDENED,ablation_variant,focused,1024,0.0,0.0,0,4096,0.02,0.06,0.1,0,0.01,0.15,1.0,1502.688911,1533.1328348000002,1502.688911,1533.1328348000002,681.4451031774468,5451.560825419574,0.02358490566037736
A6_FULL_HARDENED,ablation_variant,focused,1024,0.0,0.0,0,4096,0.02,0.08,0.1,0,0.01,0.15,1.0,1651.066626,1692.3794034,1651.066626,1692.3794034,620.2051351984629,4961.641081587703,0.014634146341463415
A6_FULL_HARDENED,ablation_variant,focused,1024,0.0,0.0,0,4096,0.04,0.06,0.1,0,0.01,0.15,1.0,1654.057295,1661.7977738,1654.057295,1661.7977738,619.0837542903856,4952.670034323085,0.049019607843137254
A6_FULL_HARDENED,ablation_variant,focused,1024,0.0,0.0,0,4096,0.04,0.08,0.1,0,0.01,0.15,1.0,1532.116471,1606.3713958,1532.116471,1606.3713958,668.3564985967703,5346.851988774162,0.049019607843137254
A7_PQC_AUTH_NO_REPLAY,ablation_variant,focused,128,0.0,0.0,0,1024,0.0,0.08,0.1,0,0.01,0.15,1.0,1552.7539,1571.7849823,1552.7539,1571.7849823,82.43418354962753,659.4734683970203,
A7_PQC_AUTH_NO_REPLAY,ablation_variant,focused,1024,0.0,0.0,0,1024,0.0,0.08,0.1,0,0.01,0.15,1.0,1532.957312,1569.8878075999999,1532.957312,1569.8878075999999,667.9898989907424,5343.919191925939,
A8_HYBRID_QKD_LINDBLAD_NO_REPLAY,ablation_variant,focused,128,0.0,0.0,0,1024,0.0,0.08,0.1,0,0.01,0.15,1.0,1509.111568,1673.9832232,1509.111568,1673.9832232,84.81811597908313,678.544927832665,0.0
A8_HYBRID_QKD_LINDBLAD_NO_REPLAY,ablation_variant,focused,1024,0.0,0.0,0,1024,0.0,0.06,0.1,0,0.01,0.15,1.0,1561.578908,1745.8655936,1561.578908,1745.8655936,655.7465618637825,5245.97249491026,0.0
A8_HYBRID_QKD_LINDBLAD_NO_REPLAY,ablation_variant,focused,1024,0.0,0.0,0,1024,0.0,0.08,0.1,0,0.005,0.15,1.0,1528.264284,1591.702386,1528.264284,1591.702386,670.0411772496805,5360.329417997444,0.0
A8_HYBRID_QKD_LINDBLAD_NO_REPLAY,ablation_variant,focused,1024,0.0,0.0,0,1024,0.0,0.08,0.1,0,0.01,0.15,1.0,1531.352529,1638.0795150000001,1531.352529,1638.0795150000001,668.6899199289467,5349.519359431573,0.0
A8_HYBRID_QKD_LINDBLAD_NO_REPLAY,ablation_variant,focused,1024,0.0,0.0,0,1024,0.0,0.08,0.1,4,0.005,0.15,1.0,1505.672035,1510.2823012,1505.672035,1510.2823012,680.0949849613166,5440.759879690533,0.0
A8_HYBRID_QKD_LINDBLAD_NO_REPLAY,ablation_variant,focused,1024,0.0,0.0,0,1024,0.0,0.08,0.1,4,0.01,0.15,1.0,1505.90514,1511.2731477,1505.90514,1511.2731477,679.9897103744529,5439.917682995623,0.0
A8_HYBRID_QKD_LINDBLAD_NO_REPLAY,ablation_variant,focused,1024,0.0,0.0,0,1024,0.0,0.08,0.1,8,0.005,0.15,1.0,1526.890923,1527.8920263,1526.890923,1527.8920263,670.6438453298736,5365.150762638988,0.0
A8_HYBRID_QKD_LINDBLAD_NO_REPLAY,ablation_variant,focused,1024,0.0,0.0,0,1024,0.0,0.08,0.1,8,0.01,0.15,1.0,1509.275115,1510.9075962000002,1509.275115,1510.9075962000002,678.4713998282547,5427.771198626037,0.0
A8_HYBRID_QKD_LINDBLAD_NO_REPLAY,ablation_variant,focused,1024,0.0,0.0,0,1024,0.02,0.06,0.1,0,0.01,0.15,1.0,1555.120483,1563.6647616999999,1555.120483,1563.6647616999999,658.4698813976074,5267.759051180859,0.018518518518518517
A8_HYBRID_QKD_LINDBLAD_NO_REPLAY,ablation_variant,focused,1024,0.0,0.0,0,1024,0.02,0.08,0.1,0,0.01,0.15,1.0,1594.457152,1609.7810533000002,1594.457152,1609.7810533000002,642.2248466918978,5137.798773535183,0.0
A8_HYBRID_QKD_LINDBLAD_NO_REPLAY,ablation_variant,focused,1024,0.0,0.0,0,1024,0.04,0.06,0.1,0,0.01,0.15,1.0,1573.349797,1673.3319553000001,1573.349797,1673.3319553000001,650.8406471037285,5206.725176829828,0.02040816326530612
A8_HYBRID_QKD_LINDBLAD_NO_REPLAY,ablation_variant,focused,1024,0.0,0.0,0,1024,0.04,0.08,0.1,0,0.01,0.15,1.0,1567.18214,1638.7897589,1567.18214,1638.7897589,653.402035324369,5227.216282594952,0.037037037037037035
A8_HYBRID_QKD_LINDBLAD_NO_REPLAY,ablation_variant,focused,1024,0.0,0.0,0,4096,0.0,0.06,0.1,0,0.01,0.15,1.0,1572.964008,1611.4520625,1572.964008,1611.4520625,651.0002738727636,5208.002190982109,0.0
A8_HYBRID_QKD_LINDBLAD_NO_REPLAY,ablation_variant,focused,1024,0.0,0.0,0,4096,0.0,0.08,0.1,0,0.01,0.15,1.0,1498.328364,1540.8131664,1498.328364,1540.8131664,683.4282955615195,5467.426364492156,0.0
A8_HYBRID_QKD_LINDBLAD_NO_REPLAY,ablation_variant,focused,1024,0.0,0.0,0,4096,0.02,0.06,0.1,0,0.01,0.15,1.0,1601.059168,1634.3354296,1601.059168,1634.3354296,639.5766130736775,5116.61290458942,0.024752475247524754
A8_HYBRID_QKD_LINDBLAD_NO_REPLAY,ablation_variant,focused,1024,0.0,0.0,0,4096,0.02,0.08,0.1,0,0.01,0.15,1.0,1570.56816,1584.3562716000001,1570.56816,1584.3562716000001,651.9933525202752,5215.946820162201,0.014634146341463415
A8_HYBRID_QKD_LINDBLAD_NO_REPLAY,ablation_variant,focused,1024,0.0,0.0,0,4096,0.04,0.06,0.1,0,0.01,0.15,0.6666666666666666,1554.248591,1629.1134089,1554.248591,1629.1134089,625.3695871662122,5002.956697329698,0.058823529411764705
A8_HYBRID_QKD_LINDBLAD_NO_REPLAY,ablation_variant,focused,1024,0.0,0.0,0,4096,0.04,0.08,0.1,0,0.01,0.15,1.0,1609.302307,1617.2882266,1609.302307,1617.2882266,636.3005853815631,5090.404683052505,0.05
B1_CLASSICAL,external_baseline,focused,128,0.0,0.0,0,1024,0.0,0.08,0.1,0,0.01,0.15,1.0,1535.969026,1921.6606213,1535.969026,1921.6606213,83.33501381426944,666.6801105141556,
B1_CLASSICAL,external_baseline,focused,128,0.0,0.0,1,1024,0.0,0.08,0.1,0,0.01,0.15,1.0,2103.803155,2107.7100586,2103.803155,2107.7100586,60.84219414529778,486.73755316238226,
B1_CLASSICAL,external_baseline,focused,128,0.0,1.0,0,1024,0.0,0.08,0.1,0,0.01,0.15,0.6666666666666666,1505.152409,1533.5751308,1505.152409,1533.5751308,83.29357307030959,666.3485845624767,
B1_CLASSICAL,external_baseline,focused,128,0.0,1.0,1,1024,0.0,0.08,0.1,0,0.01,0.15,1.0,2117.9403,2160.6083937000003,2117.9403,2160.6083937000003,60.436075558881434,483.4886044710515,
B1_CLASSICAL,external_baseline,focused,128,30.0,0.0,0,1024,0.0,0.08,0.1,0,0.01,0.15,1.0,1714.741872,1841.3215845,1504.741872,1631.3215845,74.64680374936339,597.1744299949071,
B1_CLASSICAL,external_baseline,focused,128,30.0,0.0,1,1024,0.0,0.08,0.1,0,0.01,0.15,1.0,1855.138096,2209.2037633,1645.138096,1999.2037632999998,68.9975588749917,551.9804709999336,
B1_CLASSICAL,external_baseline,focused,128,30.0,1.0,0,1024,0.0,0.08,0.1,0,0.01,0.15,0.6666666666666666,1701.500881,1796.3642605,1491.500881,1586.3642605,70.83937771246052,566.7150216996841,
B1_CLASSICAL,external_baseline,focused,128,30.0,1.0,1,1024,0.0,0.08,0.1,0,0.01,0.15,1.0,2224.004641,2319.2760436,2014.004641,2109.2760436,57.55383673230383,460.43069385843063,
B1_CLASSICAL,external_baseline,focused,128,60.0,0.0,0,1024,0.0,0.08,0.1,0,0.01,0.15,1.0,1939.924763,1976.0157053,1519.924763,1556.0157053,65.9819403521888,527.8555228175104,
B1_CLASSICAL,external_baseline,focused,128,60.0,0.0,1,1024,0.0,0.08,0.1,0,0.01,0.15,1.0,2072.665044,2104.3182006,1652.665044,1684.3182006,61.756240049755,494.04992039804,
B1_CLASSICAL,external_baseline,focused,128,60.0,1.0,0,1024,0.0,0.08,0.1,0,0.01,0.15,1.0,1945.453191,1973.5589013,1525.453191,1553.5589013,65.7944383304363,526.3555066434903,
B1_CLASSICAL,external_baseline,focused,128,60.0,1.0,1,1024,0.0,0.08,0.1,0,0.01,0.15,1.0,2040.571874,2087.8476554,1620.571874,1667.8476554,62.72751361072617,501.82010888580936,
B1_CLASSICAL,external_baseline,focused,1024,0.0,0.0,0,1024,0.0,0.08,0.1,0,0.01,0.15,1.0,1514.756067,1527.9855198,1514.756067,1527.9855198,676.0164374373818,5408.131499499054,
B1_CLASSICAL,external_baseline,focused,1024,0.0,0.0,1,1024,0.0,0.08,0.1,0,0.01,0.15,1.0,2102.89894,2149.0547668,2102.89894,2149.0547668,486.94684300901304,3895.5747440721043,
B1_CLASSICAL,external_baseline,focused,1024,0.0,1.0,0,1024,0.0,0.08,0.1,0,0.01,0.15,1.0,1513.68718,1666.2863902000001,1513.68718,1666.2863902000001,676.493805014587,5411.950440116696,
B1_CLASSICAL,external_baseline,focused,1024,0.0,1.0,1,1024,0.0,0.08,0.1,0,0.01,0.15,1.0,1664.335597,1812.268849,1664.335597,1812.268849,615.2605290938808,4922.084232751046,
B1_CLASSICAL,external_baseline,focused,1024,30.0,0.0,0,1024,0.0,0.08,0.1,0,0.01,0.15,1.0,1808.081078,1851.8144476999998,1598.081078,1641.8144476999998,566.3462841681262,4530.77027334501,
B1_CLASSICAL,external_baseline,focused,1024,30.0,0.0,1,1024,0.0,0.08,0.1,0,0.01,0.15,1.0,1856.099571,1897.8505593,1646.099571,1687.8505593,551.6945405295825,4413.55632423666,
B1_CLASSICAL,external_baseline,focused,1024,30.0,1.0,0,1024,0.0,0.08,0.1,0,0.01,0.15,1.0,1746.497278,1778.1420871,1536.497278,1568.1420871,586.3164019199805,4690.531215359844,
B1_CLASSICAL,external_baseline,focused,1024,30.0,1.0,1,1024,0.0,0.08,0.1,0,0.01,0.15,1.0,1890.746346,2258.5693044,1680.746346,2048.5693044,541.5850741514536,4332.680593211629,
B1_CLASSICAL,external_baseline,focused,1024,60.0,0.0,0,1024,0.0,0.08,0.1,0,0.01,0.15,1.0,1926.353615,2083.7472773,1506.353615,1663.7472773000002,531.5742613538793,4252.594090831034,
B1_CLASSICAL,external_baseline,focused,1024,60.0,0.0,1,1024,0.0,0.08,0.1,0,0.01,0.15,1.0,2073.075786,2096.7297768,1653.075786,1676.7297767999999,493.9520334545068,3951.6162676360545,
B1_CLASSICAL,external_baseline,focused,1024,60.0,1.0,0,1024,0.0,0.08,0.1,0,0.01,0.15,1.0,2026.309665,2077.8290553,1606.309665,1657.8290553,505.3521767611961,4042.817414089569,
B1_CLASSICAL,external_baseline,focused,1024,60.0,1.0,1,1024,0.0,0.08,0.1,0,0.01,0.15,1.0,2097.073638,2119.12929,1677.073638,1699.1292899999999,488.2994957566674,3906.395966053339,
B1_CLASSICAL,external_baseline,focused,4096,0.0,0.0,0,1024,0.0,0.08,0.1,0,0.01,0.15,1.0,1592.159098,1653.5108956,1592.159098,1653.5108956,2572.6072257133187,20580.85780570655,
B1_CLASSICAL,external_baseline,focused,4096,0.0,0.0,1,1024,0.0,0.08,0.1,0,0.01,0.15,1.0,1644.907917,1664.5906596,1644.907917,1664.5906596,2490.108994958409,19920.87195966727,
B1_CLASSICAL,external_baseline,focused,4096,0.0,1.0,0,1024,0.0,0.08,0.1,0,0.01,0.15,1.0,1513.307428,1635.8170237,1513.307428,1635.8170237,2706.654262190009,21653.23409752007,
B1_CLASSICAL,external_baseline,focused,4096,0.0,1.0,1,1024,0.0,0.08,0.1,0,0.01,0.15,1.0,1679.436213,1701.8578329,1679.436213,1701.8578329,2438.9137070489023,19511.30965639122,
B1_CLASSICAL,external_baseline,focused,4096,30.0,0.0,0,1024,0.0,0.08,0.1,0,0.01,0.15,1.0,1743.317855,1824.1054262,1533.317855,1614.1054262,2349.5428491438242,18796.342793150594,
B1_CLASSICAL,external_baseline,focused,4096,30.0,0.0,1,1024,0.0,0.08,0.1,0,0.01,0.15,1.0,1894.379785,2119.7232097,1684.379785,1909.7232096999999,2162.1852346782725,17297.48187742618,
B1_CLASSICAL,external_baseline,focused,4096,30.0,1.0,0,1024,0.0,0.08,0.1,0,0.01,0.15,1.0,1742.718996,1861.823331,1532.718996,1651.823331,2350.350233974267,18802.801871794138,
B1_CLASSICAL,external_baseline,focused,4096,30.0,1.0,1,1024,0.0,0.08,0.1,0,0.01,0.15,1.0,1889.703464,2227.171028,1679.703464,2017.1710280000002,2167.535847836071,17340.286782688567,
B1_CLASSICAL,external_baseline,focused,4096,60.0,0.0,0,1024,0.0,0.08,0.1,0,0.01,0.15,1.0,1903.465961,1930.5712529,1483.465961,1510.5712529,2151.864064775887,17214.912518207097,
B1_CLASSICAL,external_baseline,focused,4096,60.0,0.0,1,1024,0.0,0.08,0.1,0,0.01,0.15,1.0,2022.468727,2213.7319516,1602.468727,1793.7319516,2025.2476319254354,16201.981055403483,
B1_CLASSICAL,external_baseline,focused,4096,60.0,1.0,0,1024,0.0,0.08,0.1,0,0.01,0.15,1.0,2074.75151,2101.9905878,1654.75151,1681.9905878,1974.2123238652323,15793.698590921858,
B1_CLASSICAL,external_baseline,focused,4096,60.0,1.0,1,1024,0.0,0.08,0.1,0,0.01,0.15,1.0,2082.937022,2091.7363265,1662.937022,1671.7363265,1966.4540774579407,15731.632619663525,
B2_MINIMAL_PQC,external_baseline,focused,128,0.0,0.0,0,1024,0.0,0.08,0.1,0,0.01,0.15,1.0,1532.883612,1593.3010566,1532.883612,1593.3010566,83.50275193626376,668.0220154901101,
B2_MINIMAL_PQC,external_baseline,focused,128,0.0,0.0,1,1024,0.0,0.08,0.1,0,0.01,0.15,1.0,1588.067472,2045.7656733,1588.067472,2045.7656733,80.60110937150408,644.8088749720326,
B2_MINIMAL_PQC,external_baseline,focused,128,0.0,1.0,0,1024,0.0,0.08,0.1,0,0.01,0.15,1.0,1491.70777,1616.7228991,1491.70777,1616.7228991,85.80769140861952,686.4615312689562,
B2_MINIMAL_PQC,external_baseline,focused,128,0.0,1.0,1,1024,0.0,0.08,0.1,0,0.01,0.15,0.6666666666666666,1645.101209,2016.8964677000001,1645.101209,2016.8964677000001,62.19005025544922,497.5204020435938,
B2_MINIMAL_PQC,external_baseline,focused,128,30.0,0.0,0,1024,0.0,0.08,0.1,0,0.01,0.15,1.0,1823.693043,1865.6451255,1613.693043,1655.6451255,70.18725025645668,561.4980020516534,
B2_MINIMAL_PQC,external_baseline,focused,128,30.0,0.0,1,1024,0.0,0.08,0.1,0,0.01,0.15,1.0,1788.916747,2320.742362,1578.916747,2110.742362,71.55168076695298,572.4134461356239,
B2_MINIMAL_PQC,external_baseline,focused,128,30.0,1.0,0,1024,0.0,0.08,0.1,0,0.01,0.15,1.0,1714.88398,1817.7427102,1504.88398,1607.7427102,74.6406179618052,597.1249436944416,
B2_MINIMAL_PQC,external_baseline,focused,128,30.0,1.0,1,1024,0.0,0.08,0.1,0,0.01,0.15,1.0,2135.689145,2158.1342458999998,1925.689145,1948.1342459,59.93381588311626,479.4705270649301,
B2_MINIMAL_PQC,external_baseline,focused,128,60.0,0.0,0,1024,0.0,0.08,0.1,0,0.01,0.15,1.0,1927.628929,1935.0410563,1507.628929,1515.0410563,66.40282166049604,531.2225732839684,
B2_MINIMAL_PQC,external_baseline,focused,128,60.0,0.0,1,1024,0.0,0.08,0.1,0,0.01,0.15,1.0,2003.100843,2162.2741734,1583.100843,1742.2741733999999,63.90092662948373,511.2074130358698,
B2_MINIMAL_PQC,external_baseline,focused,128,60.0,1.0,0,1024,0.0,0.08,0.1,0,0.01,0.15,1.0,1987.172334,2007.1763819999999,1567.172334,1587.1763819999999,64.41313509148321,515.3050807318657,
B2_MINIMAL_PQC,external_baseline,focused,128,60.0,1.0,1,1024,0.0,0.08,0.1,0,0.01,0.15,1.0,2102.12386,2207.3359561,1682.12386,1787.3359561,60.890798318610976,487.1263865488878,
B2_MINIMAL_PQC,external_baseline,focused,1024,0.0,0.0,0,1024,0.0,0.08,0.1,0,0.01,0.15,1.0,1550.858234,1595.7431033,1550.858234,1595.7431033,660.2795649212126,5282.2365193697005,
B2_MINIMAL_PQC,external_baseline,focused,1024,0.0,0.0,1,1024,0.0,0.08,0.1,0,0.01,0.15,1.0,2041.398469,2076.6850624,2041.398469,2076.6850624,501.6169138706256,4012.9353109650046,
B2_MINIMAL_PQC,external_baseline,focused,1024,0.0,1.0,0,1024,0.0,0.08,0.1,0,0.01,0.15,1.0,1507.11769,1670.6725993,1507.11769,1670.6725993,679.4426253466642,5435.541002773313,
B2_MINIMAL_PQC,external_baseline,focused,1024,0.0,1.0,1,1024,0.0,0.08,0.1,0,0.01,0.15,1.0,1700.372252,2092.5555734,1700.372252,2092.5555734,602.221071765643,4817.768574125144,
B2_MINIMAL_PQC,external_baseline,focused,1024,30.0,0.0,0,1024,0.0,0.08,0.1,0,0.01,0.15,1.0,1746.805396,1786.1188792,1536.805396,1576.1188792,586.2129819067721,4689.703855254177,
B2_MINIMAL_PQC,external_baseline,focused,1024,30.0,0.0,1,1024,0.0,0.08,0.1,0,0.01,0.15,1.0,1842.186399,2053.758489,1632.186399,1843.758489,555.861231282492,4446.889850259936,
B2_MINIMAL_PQC,external_baseline,focused,1024,30.0,1.0,0,1024,0.0,0.08,0.1,0,0.01,0.15,0.6666666666666666,1723.640025,1871.635665,1513.640025,1661.635665,542.3500081465049,4338.8000651720395,
B2_MINIMAL_PQC,external_baseline,focused,1024,30.0,1.0,1,1024,0.0,0.08,0.1,0,0.01,0.15,1.0,1999.537588,2244.731284,1789.537588,2034.7312839999997,512.1184048479113,4096.94723878329,
B2_MINIMAL_PQC,external_baseline,focused,1024,60.0,0.0,0,1024,0.0,0.08,0.1,0,0.01,0.15,1.0,1926.913533,2029.1190009,1506.913533,1609.1190009,531.4197977559172,4251.358382047338,
B2_MINIMAL_PQC,external_baseline,focused,1024,60.0,0.0,1,1024,0.0,0.08,0.1,0,0.01,0.15,1.0,2085.385046,2386.940153,1665.385046,1966.9401529999998,491.0364164949517,3928.2913319596137,
B2_MINIMAL_PQC,external_baseline,focused,1024,60.0,1.0,0,1024,0.0,0.08,0.1,0,0.01,0.15,1.0,2003.073772,2039.2851054999999,1583.073772,1619.2851054999999,511.2143218657251,4089.7145749258007,
B2_MINIMAL_PQC,external_baseline,focused,1024,60.0,1.0,1,1024,0.0,0.08,0.1,0,0.01,0.15,1.0,2380.661028,2450.0809242,1960.661028,2030.0809242,430.1326345734593,3441.0610765876745,
B2_MINIMAL_PQC,external_baseline,focused,4096,0.0,0.0,0,1024,0.0,0.08,0.1,0,0.01,0.15,1.0,1489.329123,1498.4956392000001,1489.329123,1498.4956392000001,2750.231588669471,22001.852709355768,
B2_MINIMAL_PQC,external_baseline,focused,4096,0.0,0.0,1,1024,0.0,0.08,0.1,0,0.01,0.15,1.0,1594.5515,1596.2856704,1594.5515,1596.2856704,2568.747387588297,20549.979100706376,
B2_MINIMAL_PQC,external_baseline,focused,4096,0.0,1.0,0,1024,0.0,0.08,0.1,0,0.01,0.15,1.0,1512.263124,1649.7087705,1512.263124,1649.7087705,2708.523361441167,21668.186891529334,
B2_MINIMAL_PQC,external_baseline,focused,4096,0.0,1.0,1,1024,0.0,0.08,0.1,0,0.01,0.15,1.0,1625.341114,1641.1495438000002,1625.341114,1641.1495438000002,2520.086377387978,20160.691019103822,
B2_MINIMAL_PQC,external_baseline,focused,4096,30.0,0.0,0,1024,0.0,0.08,0.1,0,0.01,0.15,1.0,1768.458021,1832.8830027,1558.458021,1622.8830027,2316.142057861152,18529.136462889215,
B2_MINIMAL_PQC,external_baseline,focused,4096,30.0,0.0,1,1024,0.0,0.08,0.1,0,0.01,0.15,1.0,1835.428917,2022.8631338999999,1625.428917,1812.8631338999999,2231.6309621485602,17853.047697188482,
B2_MINIMAL_PQC,external_baseline,focused,4096,30.0,1.0,0,1024,0.0,0.08,0.1,0,0.01,0.15,1.0,1773.771578,1921.23035,1563.771578,1711.23035,2309.203761522894,18473.630092183153,
B2_MINIMAL_PQC,external_baseline,focused,4096,30.0,1.0,1,1024,0.0,0.08,0.1,0,0.01,0.15,1.0,1843.11161,2183.7492979999997,1633.11161,1973.749298,2222.3287932085677,17778.630345668542,
B2_MINIMAL_PQC,external_baseline,focused,4096,60.0,0.0,0,1024,0.0,0.08,0.1,0,0.01,0.15,1.0,2001.397404,2034.1587063,1581.397404,1614.1587063,2046.5700574077491,16372.560459261993,
B2_MINIMAL_PQC,external_baseline,focused,4096,60.0,0.0,1,1024,0.0,0.08,0.1,0,0.01,0.15,1.0,2047.768035,2081.6655189,1627.768035,1661.6655189,2000.226553980759,16001.812431846072,
B2_MINIMAL_PQC,external_baseline,focused,4096,60.0,1.0,0,1024,0.0,0.08,0.1,0,0.01,0.15,1.0,2000.09825,2067.2471528,1580.09825,1647.2471527999999,2047.8993969421251,16383.195175537001,
B2_MINIMAL_PQC,external_baseline,focused,4096,60.0,1.0,1,1024,0.0,0.08,0.1,0,0.01,0.15,1.0,2233.348223,2474.075102,1813.348223,2054.075102,1834.0176233234004,14672.140986587203,
P1_PQC_MLDSA,main_pipeline,focused,128,0.0,0.0,0,1024,0.0,0.08,0.1,0,0.01,0.15,1.0,1625.515384,1634.5632964,1625.515384,1634.5632964,78.74425628936403,629.9540503149123,
P1_PQC_MLDSA,main_pipeline,focused,128,0.0,0.0,1,1024,0.0,0.08,0.1,0,0.01,0.15,1.0,1646.779254,2757.112908,1646.779254,2757.112908,77.72747907109596,621.8198325687677,
P1_PQC_MLDSA,main_pipeline,focused,128,0.0,1.0,0,1024,0.0,0.08,0.1,0,0.01,0.15,1.0,1615.592341,2110.4068519,1615.592341,2110.4068519,79.22790715928505,633.8232572742804,
P1_PQC_MLDSA,main_pipeline,focused,128,0.0,1.0,1,1024,0.0,0.08,0.1,0,0.01,0.15,1.0,1915.89525,2031.7062528,1915.89525,2031.7062528,66.80949806624345,534.4759845299476,
P1_PQC_MLDSA,main_pipeline,focused,128,30.0,0.0,0,1024,0.0,0.08,0.1,0,0.01,0.15,1.0,1990.30773,2110.0011402,1780.30773,1900.0011402,64.31166300097723,514.4933040078179,
P1_PQC_MLDSA,main_pipeline,focused,128,30.0,0.0,1,1024,0.0,0.08,0.1,0,0.01,0.15,1.0,1881.023932,2330.6171041,1671.023932,2120.6171041,68.04804437756617,544.3843550205294,
P1_PQC_MLDSA,main_pipeline,focused,128,30.0,1.0,0,1024,0.0,0.08,0.1,0,0.01,0.15,1.0,2065.737585,2565.7166396999996,1855.737585,2355.7166396999996,61.963339840185945,495.70671872148756,
P1_PQC_MLDSA,main_pipeline,focused,128,30.0,1.0,1,1024,0.0,0.08,0.1,0,0.01,0.15,1.0,1795.204517,1814.6033474,1585.204517,1604.6033474,71.30106836735416,570.4085469388333,
P1_PQC_MLDSA,main_pipeline,focused,128,60.0,0.0,0,1024,0.0,0.08,0.1,0,0.01,0.15,1.0,1999.866282,2057.4431799,1579.866282,1637.4431799000001,64.00427926210719,512.0342340968575,
P1_PQC_MLDSA,main_pipeline,focused,128,60.0,0.0,1,1024,0.0,0.08,0.1,0,0.01,0.15,1.0,2097.313772,2175.6195527,1677.313772,1755.6195527,61.03044842829554,488.24358742636434,
P1_PQC_MLDSA,main_pipeline,focused,128,60.0,1.0,0,1024,0.0,0.08,0.1,0,0.01,0.15,1.0,1909.21618,2030.5195489,1489.21618,1610.5195489,67.04321979923719,536.3457583938975,
P1_PQC_MLDSA,main_pipeline,focused,128,60.0,1.0,1,1024,0.0,0.08,0.1,0,0.01,0.15,1.0,2042.492592,2295.4187262,1622.492592,1875.4187262,62.668525947828755,501.34820758263004,
P1_PQC_MLDSA,main_pipeline,focused,1024,0.0,0.0,0,1024,0.0,0.08,0.1,0,0.01,0.15,1.0,1560.589406,1578.9350168,1560.589406,1578.9350168,656.1623422938961,5249.298738351169,
P1_PQC_MLDSA,main_pipeline,focused,1024,0.0,0.0,1,1024,0.0,0.08,0.1,0,0.01,0.15,1.0,1582.034453,2008.4451029,1582.034453,2008.4451029,647.2678253360391,5178.142602688313,
P1_PQC_MLDSA,main_pipeline,focused,1024,0.0,1.0,0,1024,0.0,0.08,0.1,0,0.01,0.15,1.0,1538.303704,1541.6877202,1538.303704,1541.6877202,665.6682925077323,5325.346340061858,
P1_PQC_MLDSA,main_pipeline,focused,1024,0.0,1.0,1,1024,0.0,0.08,0.1,0,0.01,0.15,1.0,1714.152626,1961.8695818,1714.152626,1961.8695818,597.3797108076186,4779.037686460949,
P1_PQC_MLDSA,main_pipeline,focused,1024,30.0,0.0,0,1024,0.0,0.08,0.1,0,0.01,0.15,1.0,1697.812931,1715.5062533,1487.812931,1505.5062533,603.1288732127108,4825.030985701686,
P1_PQC_MLDSA,main_pipeline,focused,1024,30.0,0.0,1,1024,0.0,0.08,0.1,0,0.01,0.15,1.0,2160.545639,2233.9442147,1950.545639,2023.9442147,473.954348158993,3791.634785271944,
P1_PQC_MLDSA,main_pipeline,focused,1024,30.0,1.0,0,1024,0.0,0.08,0.1,0,0.01,0.15,1.0,1706.587223,1748.4496978999998,1496.587223,1538.4496978999998,600.0279307142099,4800.223445713679,
P1_PQC_MLDSA,main_pipeline,focused,1024,30.0,1.0,1,1024,0.0,0.08,0.1,0,0.01,0.15,1.0,1785.787554,1787.5173648,1575.787554,1577.5173648,573.4164725845098,4587.331780676079,
P1_PQC_MLDSA,main_pipeline,focused,1024,60.0,0.0,0,1024,0.0,0.08,0.1,0,0.01,0.15,1.0,1889.261904,1925.4588348,1469.261904,1505.4588348,542.0106115684424,4336.084892547539,
P1_PQC_MLDSA,main_pipeline,focused,1024,60.0,0.0,1,1024,0.0,0.08,0.1,0,0.01,0.15,1.0,2424.761998,2523.1653268,2004.761998,2103.1653268,422.30948886720387,3378.475910937631,
P1_PQC_MLDSA,main_pipeline,focused,1024,60.0,1.0,0,1024,0.0,0.08,0.1,0,0.01,0.15,1.0,1936.153766,1973.7778151,1516.153766,1553.7778151,528.8836134722576,4231.068907778061,
P1_PQC_MLDSA,main_pipeline,focused,1024,60.0,1.0,1,1024,0.0,0.08,0.1,0,0.01,0.15,1.0,2462.81973,2506.515153,2042.81973,2086.515153,415.7835782808188,3326.2686262465504,
P1_PQC_MLDSA,main_pipeline,focused,4096,0.0,0.0,0,1024,0.0,0.08,0.1,0,0.01,0.15,1.0,1502.738434,1530.290287,1502.738434,1530.290287,2725.690584153915,21805.52467323132,
P1_PQC_MLDSA,main_pipeline,focused,4096,0.0,0.0,1,1024,0.0,0.08,0.1,0,0.01,0.15,1.0,1580.375237,1833.6205822999998,1580.375237,1833.6205822999998,2591.789534601522,20734.316276812177,
P1_PQC_MLDSA,main_pipeline,focused,4096,0.0,1.0,0,1024,0.0,0.08,0.1,0,0.01,0.15,1.0,1603.079908,1720.417363,1603.079908,1720.417363,2555.081614808686,20440.65291846949,
P1_PQC_MLDSA,main_pipeline,focused,4096,0.0,1.0,1,1024,0.0,0.08,0.1,0,0.01,0.15,1.0,1603.792279,1646.2466389,1603.792279,1646.2466389,2553.946700974235,20431.57360779388,
P1_PQC_MLDSA,main_pipeline,focused,4096,30.0,0.0,0,1024,0.0,0.08,0.1,0,0.01,0.15,1.0,1767.732651,1927.0076517,1557.732651,1717.0076517,2317.0924617378696,18536.739693902957,
P1_PQC_MLDSA,main_pipeline,focused,4096,30.0,0.0,1,1024,0.0,0.08,0.1,0,0.01,0.15,1.0,1834.661124,2136.9142404,1624.661124,1926.9142404,2232.5648842821397,17860.519074257118,
P1_PQC_MLDSA,main_pipeline,focused,4096,30.0,1.0,0,1024,0.0,0.08,0.1,0,0.01,0.15,1.0,1733.996123,1746.5996249,1523.996123,1536.5996249,2362.173678285669,18897.389426285354,
P1_PQC_MLDSA,main_pipeline,focused,4096,30.0,1.0,1,1024,0.0,0.08,0.1,0,0.01,0.15,1.0,1804.797815,1980.6558997999998,1594.797815,1770.6558997999998,2269.5062937008265,18156.050349606612,
P1_PQC_MLDSA,main_pipeline,focused,4096,60.0,0.0,0,1024,0.0,0.08,0.1,0,0.01,0.15,1.0,2066.552809,2158.1366614,1646.552809,1738.1366613999999,1982.0446795076311,15856.35743606105,
P1_PQC_MLDSA,main_pipeline,focused,4096,60.0,0.0,1,1024,0.0,0.08,0.1,0,0.01,0.15,1.0,2053.863202,2080.4471212,1633.863202,1660.4471211999999,1994.2905622981214,15954.32449838497,
P1_PQC_MLDSA,main_pipeline,focused,4096,60.0,1.0,0,1024,0.0,0.08,0.1,0,0.01,0.15,1.0,1974.293521,2065.8123025,1554.293521,1645.8123025,2074.66618131094,16597.32945048752,
P1_PQC_MLDSA,main_pipeline,focused,4096,60.0,1.0,1,1024,0.0,0.08,0.1,0,0.01,0.15,0.6666666666666666,2016.518416,2023.8996751,1596.518416,1603.8996751,2022.995957097402,16183.967656779216,
P2_PQC_MLDSA_LINDBLAD,main_pipeline,focused,128,0.0,0.0,0,1024,0.0,0.08,0.1,0,0.01,0.15,1.0,1530.337767,1864.5300069,1530.337767,1864.5300069,83.64166575521756,669.1333260417405,
P2_PQC_MLDSA_LINDBLAD,main_pipeline,focused,128,0.0,0.0,1,1024,0.0,0.08,0.1,0,0.01,0.15,1.0,1635.865865,1745.6995439,1635.865865,1745.6995439,78.24602416286741,625.9681933029393,
P2_PQC_MLDSA_LINDBLAD,main_pipeline,focused,128,0.0,1.0,0,1024,0.0,0.08,0.1,0,0.01,0.15,1.0,1505.253931,1531.1530744,1505.253931,1531.1530744,85.03548628168306,680.2838902534645,
P2_PQC_MLDSA_LINDBLAD,main_pipeline,focused,128,0.0,1.0,1,1024,0.0,0.08,0.1,0,0.01,0.15,0.6666666666666666,1713.310397,2107.7736803,1713.310397,2107.7736803,59.4905305144002,475.9242441152016,
P2_PQC_MLDSA_LINDBLAD,main_pipeline,focused,128,30.0,0.0,0,1024,0.0,0.08,0.1,0,0.01,0.15,1.0,1714.297365,1732.2029828999998,1504.297365,1522.2029828999998,74.66615921678209,597.3292737342567,
P2_PQC_MLDSA_LINDBLAD,main_pipeline,focused,128,30.0,0.0,1,1024,0.0,0.08,0.1,0,0.01,0.15,1.0,2053.649661,2255.1263169,1843.649661,2045.1263169,62.32806034582935,498.6244827666348,
P2_PQC_MLDSA_LINDBLAD,main_pipeline,focused,128,30.0,1.0,0,1024,0.0,0.08,0.1,0,0.01,0.15,1.0,1836.592119,1846.5126696,1626.592119,1636.5126696,69.69429884611195,557.5543907688956,
P2_PQC_MLDSA_LINDBLAD,main_pipeline,focused,128,30.0,1.0,1,1024,0.0,0.08,0.1,0,0.01,0.15,1.0,1877.314626,1924.2884376,1667.314626,1714.2884376,68.18249760975336,545.4599808780268,
P2_PQC_MLDSA_LINDBLAD,main_pipeline,focused,128,60.0,0.0,0,1024,0.0,0.08,0.1,0,0.01,0.15,1.0,2073.059198,2696.007302,1653.059198,2276.007302,61.74449823887759,493.9559859110207,
P2_PQC_MLDSA_LINDBLAD,main_pipeline,focused,128,60.0,0.0,1,1024,0.0,0.08,0.1,0,0.01,0.15,1.0,2412.427919,2666.1489791,1992.427919,2246.1489791,53.058580110057164,424.4686408804573,
P2_PQC_MLDSA_LINDBLAD,main_pipeline,focused,128,60.0,1.0,0,1024,0.0,0.08,0.1,0,0.01,0.15,1.0,1912.743578,2047.6364816,1492.743578,1627.6364816,66.91958162726608,535.3566530181287,
P2_PQC_MLDSA_LINDBLAD,main_pipeline,focused,128,60.0,1.0,1,1024,0.0,0.08,0.1,0,0.01,0.15,1.0,2409.105011,2409.9902834,1989.105011,1989.9902834,53.1317644583987,425.0541156671896,
P2_PQC_MLDSA_LINDBLAD,main_pipeline,focused,1024,0.0,0.0,0,1024,0.0,0.08,0.1,0,0.005,0.15,1.0,1489.167615,1492.716378,1489.167615,1492.716378,687.6324664097668,5501.059731278135,
P2_PQC_MLDSA_LINDBLAD,main_pipeline,focused,1024,0.0,0.0,0,1024,0.0,0.08,0.1,0,0.01,0.15,1.0,1527.474627,1565.4704598,1527.474627,1565.4704598,670.3875677536869,5363.100542029495,
P2_PQC_MLDSA_LINDBLAD,main_pipeline,focused,1024,0.0,0.0,0,1024,0.0,0.08,0.1,4,0.005,0.15,1.0,1575.837814,1584.709006,1575.837814,1584.709006,649.8130650899585,5198.504520719668,
P2_PQC_MLDSA_LINDBLAD,main_pipeline,focused,1024,0.0,0.0,0,1024,0.0,0.08,0.1,4,0.01,0.15,1.0,1604.874098,1679.5681832,1604.874098,1679.5681832,638.0562819701013,5104.45025576081,
P2_PQC_MLDSA_LINDBLAD,main_pipeline,focused,1024,0.0,0.0,0,1024,0.0,0.08,0.1,8,0.005,0.15,1.0,1635.193993,1657.2447859000001,1635.193993,1657.2447859000001,626.2253924510351,5009.803139608281,
P2_PQC_MLDSA_LINDBLAD,main_pipeline,focused,1024,0.0,0.0,0,1024,0.0,0.08,0.1,8,0.01,0.15,1.0,1490.407613,1608.2989901,1490.407613,1608.2989901,687.0603659483589,5496.4829275868715,
P2_PQC_MLDSA_LINDBLAD,main_pipeline,focused,1024,0.0,0.0,1,1024,0.0,0.08,0.1,0,0.01,0.15,1.0,1631.405739,1673.6350413,1631.405739,1673.6350413,627.6795376652773,5021.436301322218,
P2_PQC_MLDSA_LINDBLAD,main_pipeline,focused,1024,0.0,1.0,0,1024,0.0,0.08,0.1,0,0.01,0.15,1.0,1656.030951,1683.3864744,1656.030951,1683.3864744,618.3459309028337,4946.76744722267,
P2_PQC_MLDSA_LINDBLAD,main_pipeline,focused,1024,0.0,1.0,1,1024,0.0,0.08,0.1,0,0.01,0.15,1.0,1932.903114,1997.4079886999998,1932.903114,1997.4079886999998,529.7730613516928,4238.184490813543,
P2_PQC_MLDSA_LINDBLAD,main_pipeline,focused,1024,30.0,0.0,0,1024,0.0,0.08,0.1,0,0.01,0.15,1.0,1763.748876,1893.9910575,1553.748876,1683.9910575,580.5815181140334,4644.652144912267,
P2_PQC_MLDSA_LINDBLAD,main_pipeline,focused,1024,30.0,0.0,1,1024,0.0,0.08,0.1,0,0.01,0.15,1.0,1812.895081,2287.3874128,1602.895081,2077.3874128,564.8423953112375,4518.7391624899,
P2_PQC_MLDSA_LINDBLAD,main_pipeline,focused,1024,30.0,1.0,0,1024,0.0,0.08,0.1,0,0.01,0.15,1.0,1712.500275,1780.5709812,1502.500275,1570.5709812,597.9561083574132,4783.648866859306,
P2_PQC_MLDSA_LINDBLAD,main_pipeline,focused,1024,30.0,1.0,1,1024,0.0,0.08,0.1,0,0.01,0.15,1.0,1882.632986,2013.898418,1672.632986,1803.898418,543.919079084913,4351.352632679304,
P2_PQC_MLDSA_LINDBLAD,main_pipeline,focused,1024,60.0,0.0,0,1024,0.0,0.08,0.1,0,0.01,0.15,1.0,1935.09466,2013.8524315,1515.09466,1593.8524315,529.1730793159235,4233.384634527388,
P2_PQC_MLDSA_LINDBLAD,main_pipeline,focused,1024,60.0,0.0,1,1024,0.0,0.08,0.1,0,0.01,0.15,1.0,2036.229697,2406.937708,1616.229697,1986.937708,502.8902198551915,4023.121758841532,
P2_PQC_MLDSA_LINDBLAD,main_pipeline,focused,1024,60.0,1.0,0,1024,0.0,0.08,0.1,0,0.01,0.15,0.6666666666666666,1947.075315,2074.3053738,1527.075315,1654.3053738,490.3176516058719,3922.541212846975,
P2_PQC_MLDSA_LINDBLAD,main_pipeline,focused,1024,60.0,1.0,1,1024,0.0,0.08,0.1,0,0.01,0.15,1.0,2387.680103,2502.0038458999998,1967.680103,2082.0038458999998,428.86817154165476,3430.945372333238,
P2_PQC_MLDSA_LINDBLAD,main_pipeline,focused,4096,0.0,0.0,0,1024,0.0,0.08,0.1,0,0.01,0.15,1.0,1620.51324,1666.8595824,1620.51324,1666.8595824,2527.594282413885,20220.75425931108,
P2_PQC_MLDSA_LINDBLAD,main_pipeline,focused,4096,0.0,0.0,1,1024,0.0,0.08,0.1,0,0.01,0.15,1.0,1680.714459,1684.6818741,1680.714459,1684.6818741,2437.058822256494,19496.47057805195,
P2_PQC_MLDSA_LINDBLAD,main_pipeline,focused,4096,0.0,1.0,0,1024,0.0,0.08,0.1,0,0.01,0.15,1.0,1510.624742,1532.1163271,1510.624742,1532.1163271,2711.460951299578,21691.687610396624,
P2_PQC_MLDSA_LINDBLAD,main_pipeline,focused,4096,0.0,1.0,1,1024,0.0,0.08,0.1,0,0.01,0.15,1.0,1625.476472,2009.8105721,1625.476472,2009.8105721,2519.8765227036765,20159.012181629412,
P2_PQC_MLDSA_LINDBLAD,main_pipeline,focused,4096,30.0,0.0,0,1024,0.0,0.08,0.1,0,0.01,0.15,1.0,1716.362773,1864.0376602000001,1506.362773,1654.0376602000001,2386.441878391871,19091.535027134967,
P2_PQC_MLDSA_LINDBLAD,main_pipeline,focused,4096,30.0,0.0,1,1024,0.0,0.08,0.1,0,0.01,0.15,1.0,1853.071458,2254.2481194,1643.071458,2044.2481194,2210.384268948143,17683.074151585144,
P2_PQC_MLDSA_LINDBLAD,main_pipeline,focused,4096,30.0,1.0,0,1024,0.0,0.08,0.1,0,0.01,0.15,1.0,1720.865305,1724.5272862000002,1510.865305,1514.5272862000002,2380.197908632948,19041.583269063583,
P2_PQC_MLDSA_LINDBLAD,main_pipeline,focused,4096,30.0,1.0,1,1024,0.0,0.08,0.1,0,0.01,0.15,1.0,2014.825908,2242.0586550000003,1804.825908,2032.0586550000003,2032.929983546747,16263.439868373976,
P2_PQC_MLDSA_LINDBLAD,main_pipeline,focused,4096,60.0,0.0,0,1024,0.0,0.08,0.1,0,0.01,0.15,1.0,2085.804959,2091.2997569,1665.804959,1671.2997569,1963.7502453555153,15710.001962844122,
P2_PQC_MLDSA_LINDBLAD,main_pipeline,focused,4096,60.0,0.0,1,1024,0.0,0.08,0.1,0,0.01,0.15,1.0,2081.079563,2144.2889894,1661.079563,1724.2889894,1968.2092279525211,15745.673823620169,
P2_PQC_MLDSA_LINDBLAD,main_pipeline,focused,4096,60.0,1.0,0,1024,0.0,0.08,0.1,0,0.01,0.15,1.0,2028.558666,2201.9768498999997,1608.558666,1781.9768499,2019.1676329857744,16153.341063886195,
P2_PQC_MLDSA_LINDBLAD,main_pipeline,focused,4096,60.0,1.0,1,1024,0.0,0.08,0.1,0,0.01,0.15,1.0,2580.358389,2582.2814748,2160.358389,2162.2814748,1587.3763960313188,12699.01116825055,
P3_HYBRID_QKD,main_pipeline,focused,128,0.0,0.0,0,1024,0.0,0.08,0.1,0,0.01,0.15,1.0,1513.341121,1558.1506216,1513.341121,1558.1506216,84.58106254022816,676.6485003218253,0.0
P3_HYBRID_QKD,main_pipeline,focused,128,0.0,0.0,1,1024,0.0,0.08,0.1,0,0.01,0.15,1.0,1660.841894,1673.1468668,1660.841894,1673.1468668,77.06934685499931,616.5547748399945,0.0
P3_HYBRID_QKD,main_pipeline,focused,128,0.0,1.0,0,1024,0.0,0.08,0.1,0,0.01,0.15,1.0,1473.95789,1475.6222159,1473.95789,1475.6222159,86.84101551910685,694.7281241528548,0.0
P3_HYBRID_QKD,main_pipeline,focused,128,0.0,1.0,1,1024,0.0,0.08,0.1,0,0.01,0.15,1.0,1607.433736,1957.1115631,1607.433736,1957.1115631,79.63003210229999,637.0402568183999,0.0
P3_HYBRID_QKD,main_pipeline,focused,128,30.0,0.0,0,1024,0.0,0.08,0.1,0,0.01,0.15,1.0,1698.259937,1726.0837718,1488.259937,1516.0837718,75.37126514690901,602.9701211752721,0.0
P3_HYBRID_QKD,main_pipeline,focused,128,30.0,0.0,1,1024,0.0,0.08,0.1,0,0.01,0.15,1.0,2216.711095,2365.0841968,2006.711095,2155.0841968,57.743203563475646,461.94562850780517,0.0
P3_HYBRID_QKD,main_pipeline,focused,128,30.0,1.0,0,1024,0.0,0.08,0.1,0,0.01,0.15,1.0,1722.342926,1782.160679,1512.342926,1572.160679,74.31737203303031,594.5389762642425,0.0
P3_HYBRID_QKD,main_pipeline,focused,128,30.0,1.0,1,1024,0.0,0.08,0.1,0,0.01,0.15,1.0,1932.189018,2250.6029223,1722.189018,2040.6029223,66.24610677711657,529.9688542169325,0.0
P3_HYBRID_QKD,main_pipeline,focused,128,60.0,0.0,0,1024,0.0,0.08,0.1,0,0.01,0.15,1.0,2067.419587,2073.6105709000003,1647.419587,1653.6105709,61.912927982722074,495.3034238617766,0.0
P3_HYBRID_QKD,main_pipeline,focused,128,60.0,0.0,1,1024,0.0,0.08,0.1,0,0.01,0.15,1.0,2162.490746,2401.487177,1742.490746,1981.487177,59.19100474152965,473.5280379322372,0.0
P3_HYBRID_QKD,main_pipeline,focused,128,60.0,1.0,0,1024,0.0,0.08,0.1,0,0.01,0.15,1.0,2015.930261,2017.5453335,1595.930261,1597.5453335,63.49425993362774,507.9540794690219,0.0
P3_HYBRID_QKD,main_pipeline,focused,128,60.0,1.0,1,1024,0.0,0.08,0.1,0,0.01,0.15,1.0,2095.226469,2373.1122456000003,1675.226469,1953.1122455999998,61.091248079302495,488.72998463441996,0.0
P3_HYBRID_QKD,main_pipeline,focused,1024,0.0,0.0,0,1024,0.0,0.06,0.1,0,0.01,0.15,1.0,1525.226485,1634.7270073,1525.226485,1634.7270073,671.3757006389776,5371.005605111821,0.0
P3_HYBRID_QKD,main_pipeline,focused,1024,0.0,0.0,0,1024,0.0,0.08,0.1,0,0.01,0.15,1.0,1519.740813,1595.1545661,1519.740813,1595.1545661,673.7991052425596,5390.3928419404765,0.0
P3_HYBRID_QKD,main_pipeline,focused,1024,0.0,0.0,0,1024,0.02,0.06,0.1,0,0.01,0.15,1.0,1706.893754,1713.4405007,1706.893754,1713.4405007,599.9201752307778,4799.361401846222,0.0
P3_HYBRID_QKD,main_pipeline,focused,1024,0.0,0.0,0,1024,0.02,0.08,0.1,0,0.01,0.15,1.0,1496.00187,1519.4185335,1496.00187,1519.4185335,684.491122995722,5475.928983965776,0.019230769230769232
P3_HYBRID_QKD,main_pipeline,focused,1024,0.0,0.0,0,1024,0.04,0.06,0.1,0,0.01,0.15,1.0,1491.29805,1492.1655915000001,1491.29805,1492.1655915000001,686.6501300662198,5493.201040529759,0.057692307692307696
P3_HYBRID_QKD,main_pipeline,focused,1024,0.0,0.0,0,1024,0.04,0.08,0.1,0,0.01,0.15,0.6666666666666666,1512.622888,1554.9934974999999,1512.622888,1554.9934974999999,676.9697907678361,5415.758326142689,0.02
P3_HYBRID_QKD,main_pipeline,focused,1024,0.0,0.0,0,4096,0.0,0.06,0.1,0,0.01,0.15,1.0,1506.739649,1516.1968912999998,1506.739649,1516.1968912999998,679.613097511314,5436.904780090512,0.0
P3_HYBRID_QKD,main_pipeline,focused,1024,0.0,0.0,0,4096,0.0,0.08,0.1,0,0.01,0.15,1.0,1497.237892,1549.1517721,1497.237892,1549.1517721,683.9260517459572,5471.408413967658,0.0
P3_HYBRID_QKD,main_pipeline,focused,1024,0.0,0.0,0,4096,0.02,0.06,0.1,0,0.01,0.15,1.0,1643.018139,1647.5869089,1643.018139,1647.5869089,623.2432714487518,4985.946171590014,0.024390243902439025
P3_HYBRID_QKD,main_pipeline,focused,1024,0.0,0.0,0,4096,0.02,0.08,0.1,0,0.01,0.15,1.0,1504.258597,1511.73325,1504.258597,1511.73325,680.7340187665884,5445.872150132707,0.01485148514851485
P3_HYBRID_QKD,main_pipeline,focused,1024,0.0,0.0,0,4096,0.04,0.06,0.1,0,0.01,0.15,1.0,1560.856698,1644.8073084,1560.856698,1644.8073084,656.0499764726,5248.3998117808,0.019417475728155338
P3_HYBRID_QKD,main_pipeline,focused,1024,0.0,0.0,0,4096,0.04,0.08,0.1,0,0.01,0.15,1.0,1518.059306,1548.8853824,1518.059306,1548.8853824,674.5454515200607,5396.363612160486,0.03414634146341464
P3_HYBRID_QKD,main_pipeline,focused,1024,0.0,0.0,1,1024,0.0,0.08,0.1,0,0.01,0.15,1.0,1634.695097,2059.7108324,1634.695097,2059.7108324,626.4165114823245,5011.332091858596,0.0
P3_HYBRID_QKD,main_pipeline,focused,1024,0.0,1.0,0,1024,0.0,0.08,0.1,0,0.01,0.15,1.0,1508.888377,1668.1839894999998,1508.888377,1668.1839894999998,678.6452965035995,5429.162372028796,0.0
P3_HYBRID_QKD,main_pipeline,focused,1024,0.0,1.0,1,1024,0.0,0.08,0.1,0,0.01,0.15,1.0,1736.756996,2054.331284,1736.756996,2054.331284,589.6046495614635,4716.837196491708,0.0
P3_HYBRID_QKD,main_pipeline,focused,1024,30.0,0.0,0,1024,0.0,0.08,0.1,0,0.01,0.15,1.0,1704.079193,1811.7364028000002,1494.079193,1601.7364028000002,600.9110399366281,4807.288319493025,0.0
P3_HYBRID_QKD,main_pipeline,focused,1024,30.0,0.0,1,1024,0.0,0.08,0.1,0,0.01,0.15,1.0,2167.802993,2211.9466457000003,1957.802993,2001.9466457,472.3676474783795,3778.941179827036,0.0
P3_HYBRID_QKD,main_pipeline,focused,1024,30.0,1.0,0,1024,0.0,0.08,0.1,0,0.01,0.15,1.0,1718.428012,1718.9617021000001,1508.428012,1508.9617021000001,595.8934519510149,4767.147615608119,0.0
P3_HYBRID_QKD,main_pipeline,focused,1024,30.0,1.0,1,1024,0.0,0.08,0.1,0,0.01,0.15,1.0,1813.448772,1867.7701026,1603.448772,1657.7701026,564.6699348836086,4517.3594790688685,0.0
P3_HYBRID_QKD,main_pipeline,focused,1024,60.0,0.0,0,1024,0.0,0.08,0.1,0,0.01,0.15,1.0,1922.318083,2008.977967,1502.318083,1588.977967,532.690197868778,4261.521582950224,0.0
P3_HYBRID_QKD,main_pipeline,focused,1024,60.0,0.0,1,1024,0.0,0.08,0.1,0,0.01,0.15,1.0,2428.767873,2438.7163821,2008.767873,2018.7163821,421.6129550228121,3372.903640182497,0.0
P3_HYBRID_QKD,main_pipeline,focused,1024,60.0,1.0,0,1024,0.0,0.08,0.1,0,0.01,0.15,0.6666666666666666,1930.655851,1968.4746304,1510.655851,1548.4746304,519.0916439452253,4152.7331515618025,0.0
P3_HYBRID_QKD,main_pipeline,focused,1024,60.0,1.0,1,1024,0.0,0.08,0.1,0,0.01,0.15,0.6666666666666666,2480.258238,2574.1747932,2060.258238,2154.1747932,396.19130680083435,3169.530454406675,0.0
P3_HYBRID_QKD,main_pipeline,focused,4096,0.0,0.0,0,1024,0.0,0.08,0.1,0,0.01,0.15,1.0,1500.280473,1512.9940800000002,1500.280473,1512.9940800000002,2730.156176604453,21841.249412835623,0.0
P3_HYBRID_QKD,main_pipeline,focused,4096,0.0,0.0,1,1024,0.0,0.08,0.1,0,0.01,0.15,1.0,1694.586567,1846.7398884000002,1694.586567,1846.7398884000002,2417.108738948242,19336.869911585934,0.0
P3_HYBRID_QKD,main_pipeline,focused,4096,0.0,1.0,0,1024,0.0,0.08,0.1,0,0.01,0.15,1.0,1498.145037,1607.6913611999998,1498.145037,1607.6913611999998,2734.0477048885355,21872.381639108284,0.0
P3_HYBRID_QKD,main_pipeline,focused,4096,0.0,1.0,1,1024,0.0,0.08,0.1,0,0.01,0.15,1.0,1615.093389,1616.1191154,1615.093389,1616.1191154,2536.0762590552586,20288.61007244207,0.0
P3_HYBRID_QKD,main_pipeline,focused,4096,30.0,0.0,0,1024,0.0,0.08,0.1,0,0.01,0.15,1.0,1720.774403,1782.1810753999998,1510.774403,1572.1810753999998,2380.323645481377,19042.589163851015,0.0
P3_HYBRID_QKD,main_pipeline,focused,4096,30.0,0.0,1,1024,0.0,0.08,0.1,0,0.01,0.15,1.0,1846.711784,1852.4655299,1636.711784,1642.4655299,2217.996351941836,17743.97081553469,0.0
P3_HYBRID_QKD,main_pipeline,focused,4096,30.0,1.0,0,1024,0.0,0.08,0.1,0,0.01,0.15,1.0,1680.545681,1770.7698701,1470.545681,1560.7698701,2437.303577230163,19498.428617841302,0.0
P3_HYBRID_QKD,main_pipeline,focused,4096,30.0,1.0,1,1024,0.0,0.08,0.1,0,0.01,0.15,1.0,1837.611088,2201.9416846,1627.611088,1991.9416846,2228.98089086846,17831.84712694768,0.0
P3_HYBRID_QKD,main_pipeline,focused,4096,60.0,0.0,0,1024,0.0,0.08,0.1,0,0.01,0.15,1.0,2060.327571,2099.8452488999997,1640.327571,1679.8452489000001,1988.0333873375127,15904.267098700102,0.0
P3_HYBRID_QKD,main_pipeline,focused,4096,60.0,0.0,1,1024,0.0,0.08,0.1,0,0.01,0.15,1.0,2049.321783,2070.7162734000003,1629.321783,1650.7162734,1998.7100288388435,15989.680230710748,0.0
P3_HYBRID_QKD,main_pipeline,focused,4096,60.0,1.0,0,1024,0.0,0.08,0.1,0,0.01,0.15,0.6666666666666666,1914.249164,1925.572289,1494.249164,1505.572289,2125.770887899219,17006.16710319375,0.0
P3_HYBRID_QKD,main_pipeline,focused,4096,60.0,1.0,1,1024,0.0,0.08,0.1,0,0.01,0.15,1.0,2364.480302,2504.3751869,1944.480302,2084.3751869,1732.3045561155197,13858.436448924158,0.0
P4_HYBRID_QKD_LINDBLAD,main_pipeline,focused,128,0.0,0.0,0,1024,0.0,0.08,0.1,0,0.01,0.15,1.0,1490.157478,1519.9035562,1490.157478,1519.9035562,85.89696182432606,687.1756945946084,0.0
P4_HYBRID_QKD_LINDBLAD,main_pipeline,focused,128,0.0,0.0,1,1024,0.0,0.08,0.1,0,0.01,0.15,1.0,1693.371699,1709.830269,1693.371699,1709.830269,75.58883857311943,604.7107085849555,0.0
P4_HYBRID_QKD_LINDBLAD,main_pipeline,focused,128,0.0,1.0,0,1024,0.0,0.08,0.1,0,0.01,0.15,1.0,1509.150727,1684.8454924,1509.150727,1684.8454924,84.81591514351105,678.5273211480884,0.0
P4_HYBRID_QKD_LINDBLAD,main_pipeline,focused,128,0.0,1.0,1,1024,0.0,0.08,0.1,0,0.01,0.15,0.3333333333333333,0.0,1933.5831290999997,0.0,1933.5831290999997,0.0,0.0,0.0
P4_HYBRID_QKD_LINDBLAD,main_pipeline,focused,128,30.0,0.0,0,1024,0.0,0.08,0.1,0,0.01,0.15,1.0,1716.42269,1746.0104591,1506.42269,1536.0104591,74.57370538488978,596.5896430791182,0.0
P4_HYBRID_QKD_LINDBLAD,main_pipeline,focused,128,30.0,0.0,1,1024,0.0,0.08,0.1,0,0.01,0.15,1.0,1847.191832,1863.2163653,1637.191832,1653.2163653,69.29437310331285,554.3549848265028,0.0
P4_HYBRID_QKD_LINDBLAD,main_pipeline,focused,128,30.0,1.0,0,1024,0.0,0.08,0.1,0,0.01,0.15,1.0,1779.219877,1865.6222053,1569.219877,1655.6222053,71.94164232013017,575.5331385610414,0.0
P4_HYBRID_QKD_LINDBLAD,main_pipeline,focused,128,30.0,1.0,1,1024,0.0,0.08,0.1,0,0.01,0.15,1.0,1883.295512,1883.8217095999998,1673.295512,1673.8217095999998,67.96596667087475,543.727733366998,0.0
P4_HYBRID_QKD_LINDBLAD,main_pipeline,focused,128,60.0,0.0,0,1024,0.0,0.08,0.1,0,0.01,0.15,1.0,2005.266778,2099.3615764,1585.266778,1679.3615763999999,63.83190576151858,510.6552460921486,0.0
P4_HYBRID_QKD_LINDBLAD,main_pipeline,focused,128,60.0,0.0,1,1024,0.0,0.08,0.1,0,0.01,0.15,1.0,2398.073725,2534.5004824000002,1978.073725,2114.5004824000002,53.3761738288509,427.0093906308072,0.0
P4_HYBRID_QKD_LINDBLAD,main_pipeline,focused,128,60.0,1.0,0,1024,0.0,0.08,0.1,0,0.01,0.15,1.0,1939.923541,1954.4871286,1519.923541,1534.4871286,65.98198191564705,527.8558553251764,0.0
P4_HYBRID_QKD_LINDBLAD,main_pipeline,focused,128,60.0,1.0,1,1024,0.0,0.08,0.1,0,0.01,0.15,1.0,2431.854159,2459.2584588,2011.854159,2039.2584588,52.634735321724534,421.0778825737963,0.0
P4_HYBRID_QKD_LINDBLAD,main_pipeline,focused,1024,0.0,0.0,0,1024,0.0,0.06,0.1,0,0.01,0.15,1.0,1487.921385,1530.9177834000002,1487.921385,1530.9177834000002,688.2084028921998,5505.667223137599,0.0
P4_HYBRID_QKD_LINDBLAD,main_pipeline,focused,1024,0.0,0.0,0,1024,0.0,0.08,0.1,0,0.005,0.15,1.0,1506.426754,1708.9295178999998,1506.426754,1708.9295178999998,679.7542577367157,5438.034061893725,0.0
P4_HYBRID_QKD_LINDBLAD,main_pipeline,focused,1024,0.0,0.0,0,1024,0.0,0.08,0.1,0,0.01,0.15,1.0,1502.647537,1565.2454656,1502.647537,1565.2454656,681.463866133499,5451.710929067992,0.0
P4_HYBRID_QKD_LINDBLAD,main_pipeline,focused,1024,0.0,0.0,0,1024,0.0,0.08,0.1,4,0.005,0.15,1.0,1524.942769,1615.5838111,1524.942769,1615.5838111,671.5006102632302,5372.004882105842,0.0
P4_HYBRID_QKD_LINDBLAD,main_pipeline,focused,1024,0.0,0.0,0,1024,0.0,0.08,0.1,4,0.01,0.15,1.0,1512.103407,1601.6598302999998,1512.103407,1601.6598302999998,677.2023627878779,5417.618902303023,0.0
P4_HYBRID_QKD_LINDBLAD,main_pipeline,focused,1024,0.0,0.0,0,1024,0.0,0.08,0.1,8,0.005,0.15,1.0,1693.94633,1724.6189285,1693.94633,1724.6189285,604.5055748608045,4836.044598886436,0.0
P4_HYBRID_QKD_LINDBLAD,main_pipeline,focused,1024,0.0,0.0,0,1024,0.0,0.08,0.1,8,0.01,0.15,1.0,1562.999495,1632.2145116,1562.999495,1632.2145116,655.1505635643216,5241.204508514573,0.0
P4_HYBRID_QKD_LINDBLAD,main_pipeline,focused,1024,0.0,0.0,0,1024,0.02,0.06,0.1,0,0.01,0.15,1.0,1498.81925,1518.4935874999999,1498.81925,1518.4935874999999,683.2044624460221,5465.635699568177,0.038461538461538464
P4_HYBRID_QKD_LINDBLAD,main_pipeline,focused,1024,0.0,0.0,0,1024,0.02,0.08,0.1,0,0.01,0.15,1.0,1612.081612,1628.1794827,1612.081612,1628.1794827,635.2035730558285,5081.628584446628,0.018867924528301886
P4_HYBRID_QKD_LINDBLAD,main_pipeline,focused,1024,0.0,0.0,0,1024,0.04,0.06,0.1,0,0.01,0.15,1.0,1494.227346,1529.4567687,1494.227346,1529.4567687,685.3040153101307,5482.432122481046,0.02
P4_HYBRID_QKD_LINDBLAD,main_pipeline,focused,1024,0.0,0.0,0,1024,0.04,0.08,0.1,0,0.01,0.15,1.0,1529.567925,1686.3364067999998,1529.567925,1686.3364067999998,669.4701054220916,5355.760843376733,0.04
P4_HYBRID_QKD_LINDBLAD,main_pipeline,focused,1024,0.0,0.0,0,4096,0.0,0.06,0.1,0,0.01,0.15,1.0,1530.423823,1629.1324399,1530.423823,1629.1324399,669.0957005574527,5352.7656044596215,0.0
P4_HYBRID_QKD_LINDBLAD,main_pipeline,focused,1024,0.0,0.0,0,4096,0.0,0.08,0.1,0,0.01,0.15,1.0,1601.199772,1619.9916145,1601.199772,1619.9916145,639.5204507935691,5116.163606348553,0.0
P4_HYBRID_QKD_LINDBLAD,main_pipeline,focused,1024,0.0,0.0,0,4096,0.02,0.06,0.1,0,0.01,0.15,1.0,1517.497286,1520.452751,1517.497286,1520.452751,674.7952760424245,5398.362208339396,0.024154589371980676
P4_HYBRID_QKD_LINDBLAD,main_pipeline,focused,1024,0.0,0.0,0,4096,0.02,0.08,0.1,0,0.01,0.15,1.0,1595.746625,1673.0874581,1595.746625,1673.0874581,641.705884854997,5133.647078839976,0.014563106796116505
P4_HYBRID_QKD_LINDBLAD,main_pipeline,focused,1024,0.0,0.0,0,4096,0.04,0.06,0.1,0,0.01,0.15,1.0,1503.925386,1559.4910926,1503.925386,1559.4910926,680.8848427803586,5447.078742242868,0.02926829268292683
P4_HYBRID_QKD_LINDBLAD,main_pipeline,focused,1024,0.0,0.0,0,4096,0.04,0.08,0.1,0,0.01,0.15,1.0,1541.980547,1622.7950732,1541.980547,1622.7950732,664.0810106147208,5312.648084917766,0.03940886699507389
P4_HYBRID_QKD_LINDBLAD,main_pipeline,focused,1024,0.0,0.0,1,1024,0.0,0.08,0.1,0,0.01,0.15,1.0,1652.845745,1696.8203768,1652.845745,1696.8203768,619.537547951881,4956.300383615048,0.0
P4_HYBRID_QKD_LINDBLAD,main_pipeline,focused,1024,0.0,1.0,0,1024,0.0,0.08,0.1,0,0.01,0.15,1.0,1618.131851,1652.447897,1618.131851,1652.447897,632.8285296202355,5062.628236961884,0.0
P4_HYBRID_QKD_LINDBLAD,main_pipeline,focused,1024,0.0,1.0,1,1024,0.0,0.08,0.1,0,0.01,0.15,0.6666666666666666,1604.423649,2048.8708398,1604.423649,2048.8708398,488.02483771528733,3904.1987017222987,0.0
P4_HYBRID_QKD_LINDBLAD,main_pipeline,focused,1024,30.0,0.0,0,1024,0.0,0.08,0.1,0,0.01,0.15,1.0,1745.916761,1750.4528393,1535.916761,1540.4528393,586.5113520151377,4692.090816121102,0.0
P4_HYBRID_QKD_LINDBLAD,main_pipeline,focused,1024,30.0,0.0,1,1024,0.0,0.08,0.1,0,0.01,0.15,1.0,1865.073718,1911.4885872999998,1655.073718,1701.4885872999998,549.0399602531957,4392.319682025565,0.0
P4_HYBRID_QKD_LINDBLAD,main_pipeline,focused,1024,30.0,1.0,0,1024,0.0,0.08,0.1,0,0.01,0.15,1.0,1858.712895,1907.8523433,1648.712895,1697.8523433,550.9188658208561,4407.350926566849,0.0
P4_HYBRID_QKD_LINDBLAD,main_pipeline,focused,1024,30.0,1.0,1,1024,0.0,0.08,0.1,0,0.01,0.15,1.0,1843.354827,1861.0457354999999,1633.354827,1651.0457354999999,555.5088933510033,4444.071146808026,0.0
P4_HYBRID_QKD_LINDBLAD,main_pipeline,focused,1024,60.0,0.0,0,1024,0.0,0.08,0.1,0,0.01,0.15,1.0,1956.10803,1982.8739967000001,1536.10803,1562.8739967000001,523.4884701127678,4187.907760902142,0.0
P4_HYBRID_QKD_LINDBLAD,main_pipeline,focused,1024,60.0,0.0,1,1024,0.0,0.08,0.1,0,0.01,0.15,1.0,2085.878151,2448.5133168,1665.878151,2028.5133168,490.92033468449705,3927.3626774759764,0.0
P4_HYBRID_QKD_LINDBLAD,main_pipeline,focused,1024,60.0,1.0,0,1024,0.0,0.08,0.1,0,0.01,0.15,0.6666666666666666,1969.58901,2034.7305708,1549.58901,1614.7305708,501.47687830028167,4011.8150264022534,0.0
P4_HYBRID_QKD_LINDBLAD,main_pipeline,focused,1024,60.0,1.0,1,1024,0.0,0.08,0.1,0,0.01,0.15,1.0,2045.903563,2335.2594778000002,1625.903563,1915.2594778,500.5123499068856,4004.098799255085,0.0
P4_HYBRID_QKD_LINDBLAD,main_pipeline,focused,4096,0.0,0.0,0,1024,0.0,0.08,0.1,0,0.01,0.15,1.0,1570.139554,1672.5503910999998,1570.139554,1672.5503910999998,2608.685316897634,20869.482535181072,0.0
P4_HYBRID_QKD_LINDBLAD,main_pipeline,focused,4096,0.0,0.0,1,1024,0.0,0.08,0.1,0,0.01,0.15,1.0,1658.850764,1671.8828953999998,1658.850764,1671.8828953999998,2469.179319134943,19753.434553079544,0.0
P4_HYBRID_QKD_LINDBLAD,main_pipeline,focused,4096,0.0,1.0,0,1024,0.0,0.08,0.1,0,0.01,0.15,1.0,1542.264628,1603.0325155,1542.264628,1603.0325155,2655.8347547085154,21246.678037668124,0.0
P4_HYBRID_QKD_LINDBLAD,main_pipeline,focused,4096,0.0,1.0,1,1024,0.0,0.08,0.1,0,0.01,0.15,1.0,2121.498063,2192.9802624,2121.498063,2192.9802624,1930.711166527235,15445.68933221788,0.0
P4_HYBRID_QKD_LINDBLAD,main_pipeline,focused,4096,30.0,0.0,0,1024,0.0,0.08,0.1,0,0.01,0.15,1.0,1736.971335,1763.3065248,1526.971335,1553.3065248,2358.1275738209,18865.0205905672,0.0
P4_HYBRID_QKD_LINDBLAD,main_pipeline,focused,4096,30.0,0.0,1,1024,0.0,0.08,0.1,0,0.01,0.15,1.0,1865.378237,2204.9599208,1655.378237,1994.9599208,2195.8013226247367,17566.410580997894,0.0
P4_HYBRID_QKD_LINDBLAD,main_pipeline,focused,4096,30.0,1.0,0,1024,0.0,0.08,0.1,0,0.01,0.15,0.6666666666666666,1896.52657,1919.09875,1686.52657,1709.09875,2131.5495261291153,17052.396209032922,0.0
P4_HYBRID_QKD_LINDBLAD,main_pipeline,focused,4096,30.0,1.0,1,1024,0.0,0.08,0.1,0,0.01,0.15,1.0,1868.424379,2208.6838951,1658.424379,1998.6838951,2192.2214492792164,17537.77159423373,0.0
P4_HYBRID_QKD_LINDBLAD,main_pipeline,focused,4096,60.0,0.0,0,1024,0.0,0.08,0.1,0,0.01,0.15,1.0,1987.085326,2012.4719103999998,1567.085326,1592.4719103999998,2061.3105770577263,16490.48461646181,0.0
P4_HYBRID_QKD_LINDBLAD,main_pipeline,focused,4096,60.0,0.0,1,1024,0.0,0.08,0.1,0,0.01,0.15,1.0,2405.94614,2481.1370909,1985.94614,2061.1370909,1702.4487505776,13619.5900046208,0.0
P4_HYBRID_QKD_LINDBLAD,main_pipeline,focused,4096,60.0,1.0,0,1024,0.0,0.08,0.1,0,0.01,0.15,0.3333333333333333,420.0,1831.7036183999999,0.0,1411.7036183999999,0.0,0.0,0.0
P4_HYBRID_QKD_LINDBLAD,main_pipeline,focused,4096,60.0,1.0,1,1024,0.0,0.08,0.1,0,0.01,0.15,1.0,2038.526119,2098.1288305,1618.526119,1678.1288305,2009.2948340584885,16074.358672467908,0.0
